{
  "runtimeOptions": {
    "tfm": "net6.0",
    "includedFrameworks": [
      {
        "name": "Microsoft.NETCore.App",
        "version": "6.0.21"
      },
      {
        "name": "Microsoft.Maui.Core",
        "version": "6.0.553"
      },
      {
        "name": "Microsoft.Maui.Controls",
        "version": "6.0.553"
      },
      {
        "name": "Microsoft.Maui.Essentials",
        "version": "6.0.553"
      }
    ],
    "configProperties": {
      "System.Reflection.Metadata.MetadataUpdater.IsSupported": false,
      "System.Runtime.Serialization.EnableUnsafeBinaryFormatterSerialization": false
    }
  }
}